Sample Name,S Parameter,S Uncertainty,Left W Parameter,Left W Uncertainty,Right W Parameter,Right W Uncertainty
aluminum_annealed_674_trial_05.csv,0.5685513196907964,0.003542189230947443,0.2891880862224866,0.002413900324720767,0.2384386674642916,0.001675187760116753
