Sample Name,S Parameter,S Uncertainty,Left W Parameter,Left W Uncertainty,Right W Parameter,Right W Uncertainty
aluminum_annealed_3352_trial_08.csv,0.5525351822852265,0.002672066624686791,0.31099851365096054,0.0020982444504608986,0.2566686742317755,0.0017060352341751327
