Sample Name,S Parameter,S Uncertainty,Left W Parameter,Left W Uncertainty,Right W Parameter,Right W Uncertainty
aluminum_unannealed_4862_trial_02.csv,0.5335286837430963,0.002634768521143967,0.23675950645814064,0.0015774008751534895,0.19257656584339178,0.0024296146973956188
