Sample Name,S Parameter,S Uncertainty,Left W Parameter,Left W Uncertainty,Right W Parameter,Right W Uncertainty
aluminum_unannealed_4294_trial_02.csv,0.5464610075615756,0.0034400828497284084,0.2805608327320581,0.002500653899144031,0.26370124057684396,0.002365262352049635
