Sample Name,S Parameter,S Uncertainty,Left W Parameter,Left W Uncertainty,Right W Parameter,Right W Uncertainty
aluminum_annealed_514_trial_08.csv,0.5524806526276533,0.003549178095694943,0.2959388338225339,0.001634349131810284,0.23281540746525226,0.0016371443716836657
