Sample Name,S Parameter,S Uncertainty,Left W Parameter,Left W Uncertainty,Right W Parameter,Right W Uncertainty
aluminum_annealed_4744_trial_03.csv,0.5974488233246094,0.003472699831198786,0.20948158750941714,0.002046804789899787,0.27376279833898637,0.0024527743948199628
