Sample Name,S Parameter,S Uncertainty,Left W Parameter,Left W Uncertainty,Right W Parameter,Right W Uncertainty
aluminum_annealed_4503_trial_01.csv,0.5994266075033328,0.0035485818349244892,0.23273170391495854,0.0019399027151665873,0.1936278884462146,0.0026675182507776
