Sample Name,S Parameter,S Uncertainty,Left W Parameter,Left W Uncertainty,Right W Parameter,Right W Uncertainty
aluminum_annealed_1651_trial_08.csv,0.4821698600583978,0.003403170953854151,0.2706079265903416,0.0025082559196669607,0.2523178874145658,0.002299730246354508
