Sample Name,S Parameter,S Uncertainty,Left W Parameter,Left W Uncertainty,Right W Parameter,Right W Uncertainty
aluminum_unannealed_721_trial_02.csv,0.5129273093816336,0.0031634646571115995,0.2989578549486438,0.0017895415502650334,0.26567083431076094,0.002190181715217179
