Sample Name,S Parameter,S Uncertainty,Left W Parameter,Left W Uncertainty,Right W Parameter,Right W Uncertainty
aluminum_unannealed_1320_trial_06.csv,0.5268338954375094,0.0036954764646912764,0.27903185442696943,0.0025584998381293815,0.29185052239993864,0.0017760566468108603
