Sample Name,S Parameter,S Uncertainty,Left W Parameter,Left W Uncertainty,Right W Parameter,Right W Uncertainty
aluminum_annealed_1791_trial_04.csv,0.5177198783440853,0.003080531602354124,0.24841606498993613,0.0019771455885537245,0.317615850159813,0.00212011724385693
