Sample Name,S Parameter,S Uncertainty,Left W Parameter,Left W Uncertainty,Right W Parameter,Right W Uncertainty
aluminum_unannealed_3201_trial_05.csv,0.49474584769545105,0.0036942409102116917,0.24471753585419598,0.002205436704312694,0.23067236793052912,0.002161714967823235
