Sample Name,S Parameter,S Uncertainty,Left W Parameter,Left W Uncertainty,Right W Parameter,Right W Uncertainty
aluminum_annealed_1010_trial_01.csv,0.4955590290647441,0.0027971657547334384,0.22646723384355072,0.0015146107045875188,0.2850624749394914,0.002391544327420724
