Sample Name,S Parameter,S Uncertainty,Left W Parameter,Left W Uncertainty,Right W Parameter,Right W Uncertainty
aluminum_annealed_3234_trial_03.csv,0.5450557482729058,0.0029829846679579205,0.23590087660834644,0.0016390636352383093,0.2369069943426166,0.002187390975150489
