Sample Name,S Parameter,S Uncertainty,Left W Parameter,Left W Uncertainty,Right W Parameter,Right W Uncertainty
copper_unannealed_4654_trial_06.csv,0.5107861175895945,0.0027024206080520506,0.24488294482384038,0.002357161774827656,0.19158713073480363,0.002498965179425012
