Sample Name,S Parameter,S Uncertainty,Left W Parameter,Left W Uncertainty,Right W Parameter,Right W Uncertainty
copper_annealed_3851_trial_01.csv,0.5567555102176909,0.0029227373891454514,0.26538990513100313,0.0019283750424039234,0.28442540326374016,0.0025748324367773053
