Sample Name,S Parameter,S Uncertainty,Left W Parameter,Left W Uncertainty,Right W Parameter,Right W Uncertainty
copper_unannealed_990_trial_02.csv,0.5870326604890536,0.003061140549133336,0.2282974458525288,0.0019099082743241284,0.3160830730248423,0.0024937174591507386
