Sample Name,S Parameter,S Uncertainty,Left W Parameter,Left W Uncertainty,Right W Parameter,Right W Uncertainty
copper_annealed_3866_trial_04.csv,0.5623330780808571,0.002723954259837854,0.29671890062092865,0.0018111310708939325,0.22717443808257942,0.0020084409223726863
