Sample Name,S Parameter,S Uncertainty,Left W Parameter,Left W Uncertainty,Right W Parameter,Right W Uncertainty
copper_unannealed_4822_trial_09.csv,0.5023156497558776,0.003571521904090512,0.26577542550282296,0.0015571440546874383,0.2527239322047721,0.0016470666800654907
