Sample Name,S Parameter,S Uncertainty,Left W Parameter,Left W Uncertainty,Right W Parameter,Right W Uncertainty
copper_unannealed_4113_trial_01.csv,0.5543303194003979,0.003419618305084841,0.28782296775405575,0.002023946719727621,0.2803969185173718,0.0019015049738002336
