Sample Name,S Parameter,S Uncertainty,Left W Parameter,Left W Uncertainty,Right W Parameter,Right W Uncertainty
copper_unannealed_3453_trial_07.csv,0.6178650377728228,0.0029377945060824495,0.29875258350354184,0.0025324831959927774,0.21581262239828064,0.0017333294737967115
