Sample Name,S Parameter,S Uncertainty,Left W Parameter,Left W Uncertainty,Right W Parameter,Right W Uncertainty
copper_unannealed_1016_trial_07.csv,0.4838568748346609,0.0027591457456700094,0.24659084045888074,0.0018589838670295337,0.2766397574097877,0.0026764138851215757
