Sample Name,S Parameter,S Uncertainty,Left W Parameter,Left W Uncertainty,Right W Parameter,Right W Uncertainty
copper_unannealed_222_trial_02.csv,0.5563703744548016,0.002943712039793949,0.1908420967472217,0.00252189979043184,0.2634674537260159,0.0024320437969556313
