Sample Name,S Parameter,S Uncertainty,Left W Parameter,Left W Uncertainty,Right W Parameter,Right W Uncertainty
copper_annealed_1493_trial_02.csv,0.6060853352936568,0.003601686667431322,0.3006255823587965,0.0023884502483256177,0.23942954176363876,0.0020440782415065127
