Sample Name,S Parameter,S Uncertainty,Left W Parameter,Left W Uncertainty,Right W Parameter,Right W Uncertainty
copper_annealed_2033_trial_07.csv,0.5379089278162867,0.0031042973550437503,0.3077230446244099,0.002239691810877204,0.1913471487503895,0.0026501024092263096
