Sample Name,S Parameter,S Uncertainty,Left W Parameter,Left W Uncertainty,Right W Parameter,Right W Uncertainty
copper_annealed_4636_trial_09.csv,0.5212782366541929,0.0030870996549563386,0.1857258508697611,0.002616358734193467,0.22046494109107317,0.002057086187797931
