Sample Name,S Parameter,S Uncertainty,Left W Parameter,Left W Uncertainty,Right W Parameter,Right W Uncertainty
copper_annealed_1354_trial_09.csv,0.5796165391630352,0.0025430204625546604,0.19240366812417686,0.002314745895966062,0.2427595082400189,0.0015249932311613857
