Sample Name,S Parameter,S Uncertainty,Left W Parameter,Left W Uncertainty,Right W Parameter,Right W Uncertainty
copper_annealed_922_trial_07.csv,0.5423774933280238,0.0027103644190385524,0.20391736512227188,0.0020255954229623442,0.3171061364293184,0.0015467668885396674
