Sample Name,S Parameter,S Uncertainty,Left W Parameter,Left W Uncertainty,Right W Parameter,Right W Uncertainty
copper_unannealed_514_trial_08.csv,0.5160640532603951,0.003258154244930979,0.20479518798740068,0.0020163127770429436,0.2227464479938799,0.0017604423215664671
