Sample Name,S Parameter,S Uncertainty,Left W Parameter,Left W Uncertainty,Right W Parameter,Right W Uncertainty
copper_unannealed_806_trial_01.csv,0.5131055641610813,0.002953704350700696,0.2614923204157952,0.0019097939600772914,0.30754474262770887,0.002384252414864349
