Sample Name,S Parameter,S Uncertainty,Left W Parameter,Left W Uncertainty,Right W Parameter,Right W Uncertainty
copper_annealed_1584_trial_02.csv,0.4886415361891209,0.002748957434958428,0.27432729824920155,0.00219847712458413,0.26944900235371505,0.0025541156994930963
