Sample Name,S Parameter,S Uncertainty,Left W Parameter,Left W Uncertainty,Right W Parameter,Right W Uncertainty
copper_annealed_1425_trial_03.csv,0.5851460004514993,0.0030958834485145734,0.20080504934161333,0.0015631703015561687,0.24177511445331543,0.0025781346616704877
