Sample Name,S Parameter,S Uncertainty,Left W Parameter,Left W Uncertainty,Right W Parameter,Right W Uncertainty
copper_unannealed_2897_trial_07.csv,0.5777603368641404,0.003242446155033338,0.26892347593775157,0.0017421206171394006,0.3053860158994961,0.002626144056682449
