Sample Name,S Parameter,S Uncertainty,Left W Parameter,Left W Uncertainty,Right W Parameter,Right W Uncertainty
copper_unannealed_1037_trial_08.csv,0.6175957806206803,0.0029414001912944033,0.24757198751884774,0.002319822147514117,0.19889723319894773,0.0017742139221510677
