Sample Name,S Parameter,S Uncertainty,Left W Parameter,Left W Uncertainty,Right W Parameter,Right W Uncertainty
gold_annealed_3652_trial_04.csv,0.48787654227981786,0.0030831194269553834,0.26892134643160714,0.0019982462464132877,0.19977912898356892,0.0015205394966307465
