Sample Name,S Parameter,S Uncertainty,Left W Parameter,Left W Uncertainty,Right W Parameter,Right W Uncertainty
gold_annealed_1800_trial_01.csv,0.5363110747432603,0.003370017815883598,0.3040557076517054,0.001568947310287853,0.23306529661997563,0.001582032129926945
