Sample Name,S Parameter,S Uncertainty,Left W Parameter,Left W Uncertainty,Right W Parameter,Right W Uncertainty
gold_unannealed_3341_trial_07.csv,0.5082431259013647,0.0033909780893585594,0.23466916588763298,0.0015705194166053952,0.2816761588802931,0.001885748613522609
