Sample Name,S Parameter,S Uncertainty,Left W Parameter,Left W Uncertainty,Right W Parameter,Right W Uncertainty
gold_unannealed_4920_trial_08.csv,0.5030470540382181,0.002651404469781704,0.2414773298830727,0.002669176261584586,0.19590226880910916,0.0021261705159725205
