Sample Name,S Parameter,S Uncertainty,Left W Parameter,Left W Uncertainty,Right W Parameter,Right W Uncertainty
gold_annealed_4591_trial_08.csv,0.5940262774262756,0.003332304754611208,0.2055158463812899,0.0023816634978520513,0.2189010590507932,0.0025425712904438413
