Sample Name,S Parameter,S Uncertainty,Left W Parameter,Left W Uncertainty,Right W Parameter,Right W Uncertainty
gold_annealed_781_trial_04.csv,0.5529877267076017,0.003677529045143944,0.26723708783604255,0.002063410631851328,0.21839816529129527,0.001946843091726979
