Sample Name,S Parameter,S Uncertainty,Left W Parameter,Left W Uncertainty,Right W Parameter,Right W Uncertainty
gold_unannealed_1948_trial_02.csv,0.5390542736542447,0.003115272138333539,0.2103650893328591,0.0018024576324123047,0.25696572256569034,0.0023740918486477632
