Sample Name,S Parameter,S Uncertainty,Left W Parameter,Left W Uncertainty,Right W Parameter,Right W Uncertainty
gold_unannealed_4932_trial_02.csv,0.5498416842023438,0.0029765849993373316,0.2707870256475834,0.0017836870063126366,0.19013592052046618,0.0017288472993179558
