Sample Name,S Parameter,S Uncertainty,Left W Parameter,Left W Uncertainty,Right W Parameter,Right W Uncertainty
gold_unannealed_2281_trial_04.csv,0.5717336348841356,0.0027571430003938157,0.31530710466054024,0.002061148227019403,0.19483903653542503,0.0025459367218361095
