Sample Name,S Parameter,S Uncertainty,Left W Parameter,Left W Uncertainty,Right W Parameter,Right W Uncertainty
gold_unannealed_1331_trial_01.csv,0.5328506241934773,0.0036805717374638726,0.24448736949741373,0.0019361551095631907,0.31936354871363104,0.0021736860694656908
