Sample Name,S Parameter,S Uncertainty,Left W Parameter,Left W Uncertainty,Right W Parameter,Right W Uncertainty
gold_unannealed_2318_trial_07.csv,0.5785712119544986,0.002754425596520465,0.1991255746842302,0.0020512911190731153,0.3088307837511837,0.0025684705134254304
