Sample Name,S Parameter,S Uncertainty,Left W Parameter,Left W Uncertainty,Right W Parameter,Right W Uncertainty
gold_unannealed_169_trial_02.csv,0.6092640987742419,0.003375481658246612,0.20046932052798738,0.0018486920760137381,0.290322941920102,0.001623194915638435
