Sample Name,S Parameter,S Uncertainty,Left W Parameter,Left W Uncertainty,Right W Parameter,Right W Uncertainty
gold_annealed_3501_trial_06.csv,0.6153834018498308,0.003241064018582475,0.2404792096776873,0.002625746495362814,0.18807936672557038,0.002675348474408418
