Sample Name,S Parameter,S Uncertainty,Left W Parameter,Left W Uncertainty,Right W Parameter,Right W Uncertainty
lead_unannealed_3251_trial_03.csv,0.617761895578605,0.0033614122953968873,0.2586815709393233,0.0021764688130329864,0.26117840136569803,0.002571883879091929
