Sample Name,S Parameter,S Uncertainty,Left W Parameter,Left W Uncertainty,Right W Parameter,Right W Uncertainty
lead_unannealed_1536_trial_07.csv,0.6097899507291815,0.0029238362586763975,0.24037086834009558,0.002353006218990198,0.31846889681930185,0.0022289307284033572
