Sample Name,S Parameter,S Uncertainty,Left W Parameter,Left W Uncertainty,Right W Parameter,Right W Uncertainty
lead_annealed_4895_trial_04.csv,0.6092417605827587,0.003037118411177571,0.2554828548179455,0.0019754513888637784,0.3001910092820417,0.0018523131138086344
