Sample Name,S Parameter,S Uncertainty,Left W Parameter,Left W Uncertainty,Right W Parameter,Right W Uncertainty
lead_unannealed_2361_trial_07.csv,0.52885215567239,0.0027392868423895896,0.22880384925841218,0.002109983662037144,0.2928723288575182,0.002241897997664796
