Sample Name,S Parameter,S Uncertainty,Left W Parameter,Left W Uncertainty,Right W Parameter,Right W Uncertainty
lead_unannealed_3991_trial_04.csv,0.5379497681722816,0.002989664666185067,0.18316555125460682,0.0016294898753419717,0.26791930634623784,0.0015999210686029803
