Sample Name,S Parameter,S Uncertainty,Left W Parameter,Left W Uncertainty,Right W Parameter,Right W Uncertainty
lead_annealed_4403_trial_08.csv,0.5688137906939391,0.002962214621874073,0.22033532117521237,0.0019051775021154216,0.18042728510811246,0.0021544700537888812
