Sample Name,S Parameter,S Uncertainty,Left W Parameter,Left W Uncertainty,Right W Parameter,Right W Uncertainty
lead_unannealed_140_trial_07.csv,0.6194517921543584,0.0027031478733522186,0.22581078903519944,0.00173075208005532,0.25872998627120386,0.001747328821622839
