Sample Name,S Parameter,S Uncertainty,Left W Parameter,Left W Uncertainty,Right W Parameter,Right W Uncertainty
lead_unannealed_713_trial_06.csv,0.48688138522676466,0.002561360594868996,0.2555538161812846,0.0015687299142859738,0.23326484091095176,0.002264993805304915
