Sample Name,S Parameter,S Uncertainty,Left W Parameter,Left W Uncertainty,Right W Parameter,Right W Uncertainty
lead_annealed_4488_trial_09.csv,0.5968583363625142,0.003027430729293962,0.18248109776521923,0.002244126474581328,0.29623009446925996,0.0017648293002996067
