Sample Name,S Parameter,S Uncertainty,Left W Parameter,Left W Uncertainty,Right W Parameter,Right W Uncertainty
lead_annealed_4691_trial_04.csv,0.6158763669777031,0.003088782017025879,0.19915171021632125,0.0025491869103062836,0.2619334201806658,0.0022398800123418355
