Sample Name,S Parameter,S Uncertainty,Left W Parameter,Left W Uncertainty,Right W Parameter,Right W Uncertainty
lead_unannealed_2774_trial_08.csv,0.5719327420158382,0.0034421169245226887,0.22838095690120597,0.0024678080992393083,0.28020347287651315,0.002362502200571234
