Sample Name,S Parameter,S Uncertainty,Left W Parameter,Left W Uncertainty,Right W Parameter,Right W Uncertainty
lead_annealed_3760_trial_05.csv,0.5571802258997263,0.0027156488121690935,0.30430299256367926,0.002674132761179291,0.1906577025097582,0.0018896201574306075
