Sample Name,S Parameter,S Uncertainty,Left W Parameter,Left W Uncertainty,Right W Parameter,Right W Uncertainty
lead_annealed_2706_trial_05.csv,0.5265498821512606,0.0035114715848723454,0.3160407851423982,0.0024100162708413503,0.24957336424593196,0.0017943405664775213
