Sample Name,S Parameter,S Uncertainty,Left W Parameter,Left W Uncertainty,Right W Parameter,Right W Uncertainty
lead_annealed_3863_trial_05.csv,0.5978871031127001,0.0029600995300566937,0.3084363809393136,0.0024971827234897886,0.1853887460335475,0.001791194391750643
