Sample Name,S Parameter,S Uncertainty,Left W Parameter,Left W Uncertainty,Right W Parameter,Right W Uncertainty
lead_unannealed_770_trial_09.csv,0.5991639802313902,0.0034481527980013537,0.21855872193454973,0.0019025405819181585,0.30277711595379364,0.002461448285765407
