Sample Name,S Parameter,S Uncertainty,Left W Parameter,Left W Uncertainty,Right W Parameter,Right W Uncertainty
lead_unannealed_760_trial_01.csv,0.5772424267273664,0.0034817135664614134,0.30419177837401434,0.0026880369195364387,0.1876312546735618,0.0025367072304084337
