Sample Name,S Parameter,S Uncertainty,Left W Parameter,Left W Uncertainty,Right W Parameter,Right W Uncertainty
lead_annealed_406_trial_01.csv,0.4903788064414291,0.002649363818299895,0.2982154578137398,0.0025068168748188027,0.23795745765238357,0.0017721490304453478
