Sample Name,S Parameter,S Uncertainty,Left W Parameter,Left W Uncertainty,Right W Parameter,Right W Uncertainty
nickel_unannealed_1035_trial_07.csv,0.5467459100775439,0.0031880654173266883,0.25928579808310703,0.002451950783931487,0.18334101477674264,0.002010312436882396
