Sample Name,S Parameter,S Uncertainty,Left W Parameter,Left W Uncertainty,Right W Parameter,Right W Uncertainty
nickel_annealed_2587_trial_03.csv,0.5479515452378294,0.003546221264754199,0.19674005838819952,0.002567073538879921,0.2622790241324636,0.0016407135457811126
