Sample Name,S Parameter,S Uncertainty,Left W Parameter,Left W Uncertainty,Right W Parameter,Right W Uncertainty
nickel_unannealed_2038_trial_05.csv,0.5758110231337983,0.0026263218252554335,0.2289515887381503,0.0015403709781197763,0.24702040300276998,0.0018774035809911453
