Sample Name,S Parameter,S Uncertainty,Left W Parameter,Left W Uncertainty,Right W Parameter,Right W Uncertainty
nickel_unannealed_2402_trial_04.csv,0.557935232886575,0.003232933306520683,0.20501794207193622,0.0019751903720860906,0.21070496165829342,0.001560371523764177
