Sample Name,S Parameter,S Uncertainty,Left W Parameter,Left W Uncertainty,Right W Parameter,Right W Uncertainty
nickel_annealed_1033_trial_06.csv,0.5057517366979398,0.0027495679893835287,0.21776240533470592,0.0025889284579657086,0.31389130228590806,0.002260234196858608
