Sample Name,S Parameter,S Uncertainty,Left W Parameter,Left W Uncertainty,Right W Parameter,Right W Uncertainty
nickel_annealed_826_trial_04.csv,0.6101562821376141,0.0025355698422709198,0.19560021592948673,0.0015160164463389086,0.2780171563648762,0.0017654984848038606
