Sample Name,S Parameter,S Uncertainty,Left W Parameter,Left W Uncertainty,Right W Parameter,Right W Uncertainty
nickel_unannealed_4556_trial_04.csv,0.5470621224531917,0.0027621612578087266,0.22295564866776435,0.0024149057359981177,0.23087600772188696,0.0026417198321778282
