Sample Name,S Parameter,S Uncertainty,Left W Parameter,Left W Uncertainty,Right W Parameter,Right W Uncertainty
nickel_unannealed_501_trial_06.csv,0.5466942220209955,0.002958770913137017,0.26491001876891174,0.0025867561767091386,0.25893285113609427,0.00257408389276504
