Sample Name,S Parameter,S Uncertainty,Left W Parameter,Left W Uncertainty,Right W Parameter,Right W Uncertainty
nickel_annealed_1281_trial_08.csv,0.5506133857580717,0.003444027713385069,0.22181776403835599,0.002113075281569902,0.28778303652853915,0.0016221266024993278
