Sample Name,S Parameter,S Uncertainty,Left W Parameter,Left W Uncertainty,Right W Parameter,Right W Uncertainty
nickel_unannealed_13_trial_01.csv,0.48743677811967606,0.0036474357732617104,0.2665369658782879,0.0026501518083201954,0.31033129695387474,0.0020069013167364974
