Sample Name,S Parameter,S Uncertainty,Left W Parameter,Left W Uncertainty,Right W Parameter,Right W Uncertainty
nickel_annealed_2164_trial_01.csv,0.6195614267785623,0.0027819394572630523,0.3018395801613009,0.0025030875243998475,0.3187095847679208,0.0021381252700333623
