Sample Name,S Parameter,S Uncertainty,Left W Parameter,Left W Uncertainty,Right W Parameter,Right W Uncertainty
nickel_annealed_1981_trial_09.csv,0.6010238914417639,0.0034577985362409915,0.25487961640406476,0.002186248109186167,0.1872919064580645,0.0016232806183235841
