Sample Name,S Parameter,S Uncertainty,Left W Parameter,Left W Uncertainty,Right W Parameter,Right W Uncertainty
nickel_annealed_3645_trial_01.csv,0.5528589519049901,0.0029499143896228063,0.28826645838559084,0.0021108324138309955,0.2898554016296473,0.0017905869125053127
