Sample Name,S Parameter,S Uncertainty,Left W Parameter,Left W Uncertainty,Right W Parameter,Right W Uncertainty
nickel_annealed_4554_trial_07.csv,0.5673260430569306,0.0033204688344336437,0.22168287432141154,0.001992649039566915,0.2935806226485176,0.001841400218354666
