Sample Name,S Parameter,S Uncertainty,Left W Parameter,Left W Uncertainty,Right W Parameter,Right W Uncertainty
nickel_annealed_4883_trial_08.csv,0.6155212556909214,0.002511246304653971,0.28583169573368,0.0024954313055906892,0.22791881616837525,0.0021966338309919735
