Sample Name,S Parameter,S Uncertainty,Left W Parameter,Left W Uncertainty,Right W Parameter,Right W Uncertainty
nickel_annealed_902_trial_09.csv,0.5093435085263586,0.003009325677700325,0.22902454605342087,0.0026694222763108035,0.2556065864572902,0.0019520311262424736
