Sample Name,S Parameter,S Uncertainty,Left W Parameter,Left W Uncertainty,Right W Parameter,Right W Uncertainty
nickel_annealed_4721_trial_08.csv,0.5363657775210826,0.0025248379217182523,0.26419147461431813,0.0015804491828166742,0.22967198193971827,0.0020620364881226644
