Sample Name,S Parameter,S Uncertainty,Left W Parameter,Left W Uncertainty,Right W Parameter,Right W Uncertainty
nickel_unannealed_2231_trial_08.csv,0.5982348707116084,0.0028684154560102036,0.20001440069766532,0.002026815712283443,0.2704593225152281,0.0015916120581270941
