Sample Name,S Parameter,S Uncertainty,Left W Parameter,Left W Uncertainty,Right W Parameter,Right W Uncertainty
nickel_unannealed_3565_trial_09.csv,0.48760879147056524,0.0032219145407167997,0.29376654918695416,0.002644439443111971,0.18392452728606581,0.0019030884230141064
