Sample Name,S Parameter,S Uncertainty,Left W Parameter,Left W Uncertainty,Right W Parameter,Right W Uncertainty
tungsten_unannealed_2256_trial_01.csv,0.5545357437092425,0.0036367533267587524,0.314692350194205,0.001698203397416888,0.25214903120568993,0.0019765848290110837
