Sample Name,S Parameter,S Uncertainty,Left W Parameter,Left W Uncertainty,Right W Parameter,Right W Uncertainty
tungsten_unannealed_3310_trial_08.csv,0.5428869426591292,0.0028542768578655553,0.2567208387106983,0.002485878633045381,0.3089753867595867,0.0020607182164087
