Sample Name,S Parameter,S Uncertainty,Left W Parameter,Left W Uncertainty,Right W Parameter,Right W Uncertainty
tungsten_annealed_4160_trial_05.csv,0.5888525123341217,0.003162352546636636,0.23015518261422702,0.0015482400766853807,0.24349354468050674,0.0023203626604360148
