Sample Name,S Parameter,S Uncertainty,Left W Parameter,Left W Uncertainty,Right W Parameter,Right W Uncertainty
tungsten_unannealed_2660_trial_06.csv,0.5070925664806593,0.003395028570263489,0.2541639041867632,0.0023378185975302945,0.28676454620060055,0.0020182090001282936
