Sample Name,S Parameter,S Uncertainty,Left W Parameter,Left W Uncertainty,Right W Parameter,Right W Uncertainty
tungsten_unannealed_4621_trial_04.csv,0.5448352834143193,0.0033497492236866664,0.28589445179552453,0.0022514959675843664,0.27987478167093194,0.0017376227828130113
