Sample Name,S Parameter,S Uncertainty,Left W Parameter,Left W Uncertainty,Right W Parameter,Right W Uncertainty
tungsten_annealed_4221_trial_04.csv,0.4832792227336425,0.0031551331144794746,0.24455481923382738,0.0018350470200484913,0.1885951049938612,0.0025405341455373405
