Sample Name,S Parameter,S Uncertainty,Left W Parameter,Left W Uncertainty,Right W Parameter,Right W Uncertainty
tungsten_unannealed_829_trial_09.csv,0.5813056932183143,0.0034646044692533376,0.3102832461125135,0.001866119911778924,0.21377117480542815,0.0016251219657719622
