Sample Name,S Parameter,S Uncertainty,Left W Parameter,Left W Uncertainty,Right W Parameter,Right W Uncertainty
tungsten_annealed_4175_trial_01.csv,0.6108626235795274,0.003068197680411692,0.26974649849912713,0.0025207849125244257,0.2944219179669081,0.0023131634856011357
