Sample Name,S Parameter,S Uncertainty,Left W Parameter,Left W Uncertainty,Right W Parameter,Right W Uncertainty
tungsten_annealed_2910_trial_09.csv,0.5433318256130002,0.0028948053551239054,0.1940661566240916,0.002665495077803376,0.21913446777140771,0.001948353193407037
