Sample Name,S Parameter,S Uncertainty,Left W Parameter,Left W Uncertainty,Right W Parameter,Right W Uncertainty
tungsten_unannealed_110_trial_06.csv,0.550980669161857,0.00320659217009838,0.2047724065004565,0.0024616870559530206,0.2589955330629898,0.0023771983261435823
