Sample Name,S Parameter,S Uncertainty,Left W Parameter,Left W Uncertainty,Right W Parameter,Right W Uncertainty
tungsten_annealed_3712_trial_09.csv,0.5011421249000676,0.00283020075256331,0.2732266119043505,0.002652170516782515,0.21227643294795873,0.0017663849853902106
