Sample Name,S Parameter,S Uncertainty,Left W Parameter,Left W Uncertainty,Right W Parameter,Right W Uncertainty
tungsten_annealed_91_trial_03.csv,0.6080521167043322,0.003479961243724736,0.3119350822760521,0.0017748796300705453,0.3085082378687831,0.0021626611610251396
