Sample Name,S Parameter,S Uncertainty,Left W Parameter,Left W Uncertainty,Right W Parameter,Right W Uncertainty
tungsten_unannealed_2144_trial_05.csv,0.49587589435290597,0.003645670255412242,0.19420294429699106,0.0023413139819130836,0.3081522329184876,0.002643666368265716
