Sample Name,S Parameter,S Uncertainty,Left W Parameter,Left W Uncertainty,Right W Parameter,Right W Uncertainty
tungsten_annealed_2151_trial_02.csv,0.5491658506482887,0.002976313850933106,0.1891412645230977,0.0016188035673619162,0.20386911135927918,0.002042267446166798
