Sample Name,S Parameter,S Uncertainty,Left W Parameter,Left W Uncertainty,Right W Parameter,Right W Uncertainty
tungsten_annealed_1001_trial_03.csv,0.5408249309464026,0.0029853716868571824,0.1825916825105977,0.001844751753675906,0.24565016970396614,0.00240787767894014
