Sample Name,S Parameter,S Uncertainty,Left W Parameter,Left W Uncertainty,Right W Parameter,Right W Uncertainty
tungsten_annealed_4913_trial_07.csv,0.5302748838324735,0.0027909684115737603,0.21049054368259537,0.0018806618859647521,0.2120565565643623,0.0025828635679253685
