Sample Name,S Parameter,S Uncertainty,Left W Parameter,Left W Uncertainty,Right W Parameter,Right W Uncertainty
tungsten_unannealed_1904_trial_03.csv,0.4946601492261204,0.0035783941785696386,0.20693641785658032,0.0017989740372764676,0.2090880921737178,0.002200807120675428
